{"assets/images/development.png":["assets/images/development.png"],"assets/projects/astrohub-v1.jpg":["assets/projects/astrohub-v1.jpg"],"assets/projects/astrohub-v2.jpg":["assets/projects/astrohub-v2.jpg"],"assets/projects/billing-software.jpg":["assets/projects/billing-software.jpg"],"assets/projects/jd-scrapper.jpg":["assets/projects/jd-scrapper.jpg"],"assets/projects/status-monkey.jpg":["assets/projects/status-monkey.jpg"],"assets/projects/vivek-ki-class.jpg":["assets/projects/vivek-ki-class.jpg"],"packages/cupertino_icons/assets/CupertinoIcons.ttf":["packages/cupertino_icons/assets/CupertinoIcons.ttf"],"packages/font_awesome_flutter/lib/fonts/fa-brands-400.ttf":["packages/font_awesome_flutter/lib/fonts/fa-brands-400.ttf"],"packages/font_awesome_flutter/lib/fonts/fa-regular-400.ttf":["packages/font_awesome_flutter/lib/fonts/fa-regular-400.ttf"],"packages/font_awesome_flutter/lib/fonts/fa-solid-900.ttf":["packages/font_awesome_flutter/lib/fonts/fa-solid-900.ttf"]}